,RT_95th,RT_95th_lower_CI,RT_95th_upper_CI,nonRT_95th,nonRT_95th_lower_CI,RT_95th_upper_CI.1
0,0,0.0,0.0,45.032905624771956,39.1184215186555,50.9473897308884
1,0,0.0,0.0,19.442622634480358,17.047842747197965,21.837402521762748
2,0,0.0,0.0,13.372067481424892,11.753580703709659,14.990554259140124
3,0,0.0,0.0,10.050520468492325,8.965278911030799,11.135762025953849
4,0,0.0,0.0,9.550738594829454,8.478178076192611,10.623299113466297
5,0,0.0,0.0,8.599665702728089,7.712106866021638,9.48722453943454
6,0,0.0,0.0,8.951947145564189,7.890441250096616,10.013453041031763
