,Mean,Variance
x1,12.706961246666667,128.74875877002196
x2,33.094676666666665,131.08428576698887
x3,54.80588666666668,140.6697481204889
x4,72.77250333333333,151.83502162998892
x5,93.53919333333333,130.26623424262223
